"Name","HousingSpace","UnlockTownHallLevel","UpgradeHouseLevel","Speed","Hitpoints","TrainingTime","TrainingCost","UpgradeTimeH","UpgradeCost","MaxAttackRange","AttackRange","AttackRate","ReloadTime","ShotsBeforeReload","LaserDistance","Damage","LifeLeech","AttackSpread","AttackDistanceOffsetPercent","DamageOverFiveSeconds","DamageRadius","FriendlyFire","BoostTimeMs","SpeedBoost","ArmorBoost","DamageBoost","Energy","IsNpc","CanAttackWhileWalking","TurnTowardsTarget","XpGain","TID","InfoTID","SubtitleTID","FlavorTID","SWF","SpeedTID","AttackRangeTID","IconSWF","IconExportName","BigPictureSWF","BigPicture","Projectile","DeployEffect","AttackEffect","AttackEffect2","AttackEffect3","HitEffect","HitEffect2","DisembarkEffect","DieEffect","Animation","AnimationEnemy","MissEffect","Footstep","MoveLoopSound","PatrolRadius","CombatSetupTimeMs","CombatTeardownTimeMs","CombatTeardownDelayMs","Flying","Hero"
"String","int","int","int","int","int","int","String","int","String","int","int","int","int","int","int","int","int","int","int","int","int","boolean","int","int","int","int","int","boolean","boolean","boolean","int","String","String","String","String","String","String","String","String","String","String","String","String","String","String","String","String","String","String","String","String","String","String","String","String","String","int","int","int","int","boolean","String"
"Rifleman",1,1,1,220,140,60,20,2,9500,,470,1000,,,,30,,0,,,,,,,,,0,,,"TRUE",14,"TID_RIFLEMAN","TID_RIFLEMAN_INFO","TID_RIFLEMAN_SUBTITLE","TID_RIFLEMAN_FLAVOR","sc/units.sc","TID_MODERATE","TID_MEDIUM","sc/ui.sc","icon_assault_troop","sc/tutorial.sc","unit_assault_troop","Machine Gun Ammo","Troop Deploy Assault Troop","Assault Troop Attack","Attack Small Ground Flash",,"Assault Troop Hit",,"Assault Troop Disembark","Assault Troop Die","Assault Troop","Assault Troop BG",,"Rifleman step","sfx/assault_unit_move_loop_01.wav",,,,,,
,,,1,,150,,50,3,19500,,,,,,,32,,,,,,,,,,,,,,,17,,,,,,,,,,,,,,,,,,,,,,,,,,,,,,,
,,,2,,160,,100,6,42000,,,,,,,35,,,,,,,,,,,,,,,24,,,,,,,,,,,,,,,,,,,,,,,,,,,,,,,
,,,3,,172,,150,8,83000,,,,,,,38,,,,,,,,,,,,,,,30,,,,,,,,,,,,,,,,,,,,,,,,,,,,,,,
,,,4,,184,,200,12,140000,,,,,,,41,,,,,,,,,,,,,,,37,,,,,,,,,,,,,,,,,,,,,,,,,,,,,,,
,,,5,,196,,250,17,236000,,,,,,,44,,,,,,,,,,,,,,,43,,,,,,,,,,,,,,,,,,,,,,,,,,,,,,,
,,,6,,210,,300,22,370000,,,,,,,48,,,,,,,,,,,,,,,50,,,,,,,,,,,,,,,,,,,,,,,,,,,,,,,
,,,7,,225,,350,24,540000,,,,,,,52,,,,,,,,,,,,,,,52,,,,,,,,,,,,,,,,,,,,,,,,,,,,,,,
,,,8,,241,,400,25,630000,,,,,,,56,,,,,,,,,,,,,,,52,,,,,,,,,,,,,,,,,,,,,,,,,,,,,,,
,,,9,,257,,450,28,710000,,,,,,,61,,,,,,,,,,,,,,,55,,,,,,,,,,,,,,,,,,,,,,,,,,,,,,,
,,,10,,275,,500,33,970000,,,,,,,66,,,,,,,,,,,,,,,61,,,,,,,,,,,,,,,,,,,,,,,,,,,,,,,
,,,11,,295,,600,36,1320000,,,,,,,71,,,,,,,,,,,,,,,67,,,,,,,,,,,,,,,,,,,,,,,,,,,,,,,
,,,12,,315,,700,39,1500000,,,,,,,77,,,,,,,,,,,,,,,67,,,,,,,,,,,,,,,,,,,,,,,,,,,,,,,
,,,13,,337,,800,48,1800000,,,,,,,84,,,,,,,,,,,,,,,74,,,,,,,,,,,,,,,,,,,,,,,,,,,,,,,
,,,14,,361,,900,51,2480000,,,,,,,90,,,,,,,,,,,,,,,78,,,,,,,,,,,,,,,,,,,,,,,,,,,,,,,
,,,15,,386,,1000,53,2850000,,,,,,,98,,,,,,,,,,,,,,,78,,,,,,,,,,,,,,,,,,,,,,,,,,,,,,,
,,,16,,413,,1100,59,3200000,,,,,,,106,,,,,,,,,,,,,,,83,,,,,,,,,,,,,,,,,,,,,,,,,,,,,,,
,,,17,,442,,1200,61,3800000,,,,,,,115,,,,,,,,,,,,,,,84,,,,,,,,,,,,,,,,,,,,,,,,,,,,,,,
,,,18,,473,,1300,65,4400000,,,,,,,124,,,,,,,,,,,,,,,87,,,,,,,,,,,,,,,,,,,,,,,,,,,,,,,
,,,19,,506,,1400,67,5100000,,,,,,,134,,,,,,,,,,,,,,,89,,,,,,,,,,,,,,,,,,,,,,,,,,,,,,,
,,,20,,542,,1500,69,5500000,,,,,,,145,,,,,,,,,,,,,,,91,,,,,,,,,,,,,,,,,,,,,,,,,,,,,,,
,,,21,,580,,1600,,,,,,,,,157,,,,,,,,,,,,,,,,,,,,,,,,,,,,,,,,,,,,,,,,,,,,,,
"Heavy",4,2,1,230,1000,360,300,3,10400,700,330,100,,,,26,,130,,,20,,,,,,0,,"TRUE","TRUE",17,"TID_HEAVY","TID_HEAVY_INFO","TID_HEAVY_SUBTITLE","TID_HEAVY_FLAVOR","sc/units.sc","TID_MODERATE","TID_SHORT","sc/ui.sc","icon_heavy_gunner","sc/tutorial.sc","unit_heavy_gunner","Machine Gun Ammo","Troop Deploy Assault Troop","Heavy Gunner Attack","Attack Ground Flash",,"Heavy Gunner Hit",,"Heavy Gunner Disembark","Heavy Gunner Die","Heavy Gunner","Heavy Gunner BG","Machine Gun Hit","Heavy step","sfx/heavy_move_loop_01.wav",,,,,,
,,,1,,1080,,500,4,21800,,,,,,,28,,,,,,,,,,,,,,,20,,,,,,,,,,,,,,,,,,,,,,,,,,,,,,,
,,,2,,1166,,700,7,47000,,,,,,,31,,,,,,,,,,,,,,,26,,,,,,,,,,,,,,,,,,,,,,,,,,,,,,,
,,,3,,1260,,900,9,94000,,,,,,,33,,,,,,,,,,,,,,,33,,,,,,,,,,,,,,,,,,,,,,,,,,,,,,,
,,,4,,1360,,1100,14,159000,,,,,,,36,,,,,,,,,,,,,,,38,,,,,,,,,,,,,,,,,,,,,,,,,,,,,,,
,,,5,,1469,,1400,19,268000,,,,,,,39,,,,,,,,,,,,,,,45,,,,,,,,,,,,,,,,,,,,,,,,,,,,,,,
,,,6,,1587,,1700,25,420000,,,,,,,42,,,,,,,,,,,,,,,52,,,,,,,,,,,,,,,,,,,,,,,,,,,,,,,
,,,7,,1714,,2000,27,610000,,,,,,,46,,,,,,,,,,,,,,,56,,,,,,,,,,,,,,,,,,,,,,,,,,,,,,,
,,,8,,1851,,2400,28,720000,,,,,,,50,,,,,,,,,,,,,,,56,,,,,,,,,,,,,,,,,,,,,,,,,,,,,,,
,,,9,,1999,,2800,32,800000,,,,,,,54,,,,,,,,,,,,,,,59,,,,,,,,,,,,,,,,,,,,,,,,,,,,,,,
,,,10,,2159,,3200,37,1100000,,,,,,,59,,,,,,,,,,,,,,,66,,,,,,,,,,,,,,,,,,,,,,,,,,,,,,,
,,,11,,2332,,3600,41,1500000,,,,,,,64,,,,,,,,,,,,,,,71,,,,,,,,,,,,,,,,,,,,,,,,,,,,,,,
,,,12,,2518,,4000,44,1700000,,,,,,,69,,,,,,,,,,,,,,,71,,,,,,,,,,,,,,,,,,,,,,,,,,,,,,,
,,,13,,2720,,4400,54,2040000,,,,,,,75,,,,,,,,,,,,,,,80,,,,,,,,,,,,,,,,,,,,,,,,,,,,,,,
,,,14,,2937,,4800,58,2810000,,,,,,,81,,,,,,,,,,,,,,,83,,,,,,,,,,,,,,,,,,,,,,,,,,,,,,,
,,,15,,3172,,5200,60,3200000,,,,,,,88,,,,,,,,,,,,,,,83,,,,,,,,,,,,,,,,,,,,,,,,,,,,,,,
,,,16,,3426,,5600,67,3600000,,,,,,,96,,,,,,,,,,,,,,,88,,,,,,,,,,,,,,,,,,,,,,,,,,,,,,,
,,,17,,3700,,6000,70,4300000,,,,,,,104,,,,,,,,,,,,,,,90,,,,,,,,,,,,,,,,,,,,,,,,,,,,,,,
,,,18,,3996,,6500,73,5000000,,,,,,,113,,,,,,,,,,,,,,,92,,,,,,,,,,,,,,,,,,,,,,,,,,,,,,,
,,,19,,4316,,7000,75,5700000,,,,,,,123,,,,,,,,,,,,,,,94,,,,,,,,,,,,,,,,,,,,,,,,,,,,,,,
,,,20,,4661,,7500,77,6300000,,,,,,,133,,,,,,,,,,,,,,,96,,,,,,,,,,,,,,,,,,,,,,,,,,,,,,,
,,,21,,5034,,8000,,,,,,,,,144,,,,,,,,,,,,,,,,,,,,,,,,,,,,,,,,,,,,,,,,,,,,,,
"Zooka",2,5,2,180,50,240,220,4,17100,,720,2000,,,,80,,0,,,,,,,,,0,,,"TRUE",20,"TID_ZOOKA","TID_ZOOKA_INFO","TID_ZOOKA_SUBTITLE","TID_ZOOKA_FLAVOR","sc/units.sc","TID_SLOW","TID_LONG","sc/ui.sc","icon_bazooka_unit","sc/tutorial.sc","unit_bazooka_unit","Bazooka Ammo","Troop Deploy Assault Troop","Bazooka Unit Attack","Attack Ground Flash",,"Bazooka Unit Hit",,"Bazzoka Troop disembark","Bazooka Unit Die","Bazooka Girl","Bazooka Girl BG",,"Zooka step","sfx/bazooka_unit_move_01.wav",,,,,,
,,,2,,54,,330,8,46000,,,,,,,88,,,,,,,,,,,,,,,30,,,,,,,,,,,,,,,,,,,,,,,,,,,,,,,
,,,3,,59,,450,11,99000,,,,,,,97,,,,,,,,,,,,,,,34,,,,,,,,,,,,,,,,,,,,,,,,,,,,,,,
,,,4,,64,,550,16,168000,,,,,,,106,,,,,,,,,,,,,,,42,,,,,,,,,,,,,,,,,,,,,,,,,,,,,,,
,,,5,,70,,700,22,284000,,,,,,,117,,,,,,,,,,,,,,,50,,,,,,,,,,,,,,,,,,,,,,,,,,,,,,,
,,,6,,76,,850,30,450000,,,,,,,129,,,,,,,,,,,,,,,57,,,,,,,,,,,,,,,,,,,,,,,,,,,,,,,
,,,7,,83,,1000,31,650000,,,,,,,142,,,,,,,,,,,,,,,60,,,,,,,,,,,,,,,,,,,,,,,,,,,,,,,
,,,8,,90,,1150,33,760000,,,,,,,156,,,,,,,,,,,,,,,60,,,,,,,,,,,,,,,,,,,,,,,,,,,,,,,
,,,9,,98,,1300,37,850000,,,,,,,171,,,,,,,,,,,,,,,64,,,,,,,,,,,,,,,,,,,,,,,,,,,,,,,
,,,10,,107,,1450,44,1160000,,,,,,,189,,,,,,,,,,,,,,,71,,,,,,,,,,,,,,,,,,,,,,,,,,,,,,,
,,,11,,116,,1600,48,1590000,,,,,,,207,,,,,,,,,,,,,,,77,,,,,,,,,,,,,,,,,,,,,,,,,,,,,,,
,,,12,,126,,1800,51,1800000,,,,,,,228,,,,,,,,,,,,,,,77,,,,,,,,,,,,,,,,,,,,,,,,,,,,,,,
,,,13,,138,,2000,64,2160000,,,,,,,251,,,,,,,,,,,,,,,86,,,,,,,,,,,,,,,,,,,,,,,,,,,,,,,
,,,14,,150,,2200,67,2970000,,,,,,,276,,,,,,,,,,,,,,,91,,,,,,,,,,,,,,,,,,,,,,,,,,,,,,,
,,,15,,163,,2400,70,3400000,,,,,,,304,,,,,,,,,,,,,,,91,,,,,,,,,,,,,,,,,,,,,,,,,,,,,,,
,,,16,,177,,2600,79,3800000,,,,,,,334,,,,,,,,,,,,,,,96,,,,,,,,,,,,,,,,,,,,,,,,,,,,,,,
,,,17,,193,,2800,82,4500000,,,,,,,368,,,,,,,,,,,,,,,97,,,,,,,,,,,,,,,,,,,,,,,,,,,,,,,
,,,18,,210,,3000,86,5300000,,,,,,,404,,,,,,,,,,,,,,,100,,,,,,,,,,,,,,,,,,,,,,,,,,,,,,,
,,,19,,228,,3200,88,6100000,,,,,,,445,,,,,,,,,,,,,,,101,,,,,,,,,,,,,,,,,,,,,,,,,,,,,,,
,,,20,,248,,3400,90,6600000,,,,,,,489,,,,,,,,,,,,,,,103,,,,,,,,,,,,,,,,,,,,,,,,,,,,,,,
,,,21,,270,,3600,,,,,,,,,538,,,,,,,,,,,,,,,,,,,,,,,,,,,,,,,,,,,,,,,,,,,,,,
"Warrior",3,8,5,320,400,180,800,16,155000,,90,1000,,,,160,40,0,,,,,,,,,0,,,"TRUE",42,"TID_WARRIOR","TID_WARRIOR_INFO","TID_WARRIOR_SUBTITLE","TID_WARRIOR_FLAVOR","sc/units.sc","TID_FAST","TID_MELEE","sc/ui.sc","icon_unit_barbarian","sc/tutorial.sc","unit_pistolunit_big",,"Troop Deploy Assault Troop","Native Attack",,,"Native hammerhit",,"Native Disembark","Demolition Troop Die","Native_Warrior","Native_Warrior BG",,"Warrior step","sfx/assault_unit_move_loop_01.wav",,,,,,
,,,5,,424,,1000,22,294000,,,,,,,169,42,,,,,,,,,,,,,,50,,,,,,,,,,,,,,,,,,,,,,,,,,,,,,,
,,,6,,449,,1200,30,470000,,,,,,,179,44,,,,,,,,,,,,,,57,,,,,,,,,,,,,,,,,,,,,,,,,,,,,,,
,,,7,,475,,1400,31,680000,,,,,,,189,46,,,,,,,,,,,,,,60,,,,,,,,,,,,,,,,,,,,,,,,,,,,,,,
,,,8,,503,,1600,33,800000,,,,,,,200,48,,,,,,,,,,,,,,60,,,,,,,,,,,,,,,,,,,,,,,,,,,,,,,
,,,9,,533,,1800,37,900000,,,,,,,212,50,,,,,,,,,,,,,,64,,,,,,,,,,,,,,,,,,,,,,,,,,,,,,,
,,,10,,564,,2000,44,1230000,,,,,,,224,52,,,,,,,,,,,,,,71,,,,,,,,,,,,,,,,,,,,,,,,,,,,,,,
,,,11,,597,,2200,48,1680000,,,,,,,237,54,,,,,,,,,,,,,,77,,,,,,,,,,,,,,,,,,,,,,,,,,,,,,,
,,,12,,633,,2400,51,1900000,,,,,,,251,56,,,,,,,,,,,,,,77,,,,,,,,,,,,,,,,,,,,,,,,,,,,,,,
,,,13,,670,,2600,64,2280000,,,,,,,266,58,,,,,,,,,,,,,,86,,,,,,,,,,,,,,,,,,,,,,,,,,,,,,,
,,,14,,710,,2800,68,3140000,,,,,,,281,60,,,,,,,,,,,,,,91,,,,,,,,,,,,,,,,,,,,,,,,,,,,,,,
,,,15,,751,,3000,70,3600000,,,,,,,297,62,,,,,,,,,,,,,,91,,,,,,,,,,,,,,,,,,,,,,,,,,,,,,,
,,,16,,796,,3200,76,4000000,,,,,,,315,64,,,,,,,,,,,,,,96,,,,,,,,,,,,,,,,,,,,,,,,,,,,,,,
,,,17,,843,,3400,79,4500000,,,,,,,333,66,,,,,,,,,,,,,,96,,,,,,,,,,,,,,,,,,,,,,,,,,,,,,,
,,,17,,892,,3600,82,4800000,,,,,,,352,68,,,,,,,,,,,,,,97,,,,,,,,,,,,,,,,,,,,,,,,,,,,,,,
,,,18,,945,,3800,86,5600000,,,,,,,373,70,,,,,,,,,,,,,,100,,,,,,,,,,,,,,,,,,,,,,,,,,,,,,,
,,,19,,1001,,4000,88,6400000,,,,,,,394,72,,,,,,,,,,,,,,101,,,,,,,,,,,,,,,,,,,,,,,,,,,,,,,
,,,20,,1060,,4200,90,7000000,,,,,,,417,74,,,,,,,,,,,,,,103,,,,,,,,,,,,,,,,,,,,,,,,,,,,,,,
,,,21,,1123,,4400,92,7500000,,,,,,,441,76,,,,,,,,,,,,,,105,,,,,,,,,,,,,,,,,,,,,,,,,,,,,,,
,,,22,,1189,,4600,,,,,,,,,467,78,,,,,,,,,,,,,,,,,,,,,,,,,,,,,,,,,,,,,,,,,,,,,
"Tank",8,11,9,150,2000,1440,8000,42,620000,,820,3500,,,,140,,,,,,,,,,,2,,"TRUE","FALSE",68,"TID_TANK","TID_TANK_INFO","TID_TANK_SUBTITLE","TID_TANK_FLAVOR","sc/units.sc","TID_SLOW","TID_LONG","sc/ui.sc","icon_unit_armored","sc/tutorial.sc","unit_armoredunit_big","Tank Shell","Troop Deploy Assault Troop","Tank Attack",,,"Tank Hit",,,"Tank Die","Armored_troop","Tank BG",,"Tank step","sfx/tank_drive_loop_01.wav",,,,,,
,,,9,,2156,,9000,47,1030000,,,,,,,153,,,,,,,,,,,,,,,72,,,,,,,,,,,,,,,,,,,,,,,,,,,,,,,
,,,10,,2320,,10000,54,1890000,,,,,,,166,,,,,,,,,,,,,,,80,,,,,,,,,,,,,,,,,,,,,,,,,,,,,,,
,,,11,,2510,,11000,60,2480000,,,,,,,181,,,,,,,,,,,,,,,87,,,,,,,,,,,,,,,,,,,,,,,,,,,,,,,
,,,12,,2700,,12000,64,2570000,,,,,,,198,,,,,,,,,,,,,,,87,,,,,,,,,,,,,,,,,,,,,,,,,,,,,,,
,,,13,,2910,,13000,80,3900000,,,,,,,215,,,,,,,,,,,,,,,96,,,,,,,,,,,,,,,,,,,,,,,,,,,,,,,
,,,14,,3140,,14000,83,5000000,,,,,,,235,,,,,,,,,,,,,,,101,,,,,,,,,,,,,,,,,,,,,,,,,,,,,,,
,,,15,,3380,,15000,86,5200000,,,,,,,256,,,,,,,,,,,,,,,101,,,,,,,,,,,,,,,,,,,,,,,,,,,,,,,
,,,15,,3650,,16000,88,5400000,,,,,,,279,,,,,,,,,,,,,,,101,,,,,,,,,,,,,,,,,,,,,,,,,,,,,,,
,,,16,,3930,,17000,99,6300000,,,,,,,304,,,,,,,,,,,,,,,107,,,,,,,,,,,,,,,,,,,,,,,,,,,,,,,
,,,17,,4240,,18000,102,7300000,,,,,,,331,,,,,,,,,,,,,,,109,,,,,,,,,,,,,,,,,,,,,,,,,,,,,,,
,,,18,,4570,,19000,105,7400000,,,,,,,361,,,,,,,,,,,,,,,112,,,,,,,,,,,,,,,,,,,,,,,,,,,,,,,
,,,19,,4930,,20000,108,7500000,,,,,,,394,,,,,,,,,,,,,,,114,,,,,,,,,,,,,,,,,,,,,,,,,,,,,,,
,,,20,,5310,,21000,111,7600000,,,,,,,429,,,,,,,,,,,,,,,114,,,,,,,,,,,,,,,,,,,,,,,,,,,,,,,
,,,20,,5720,,22000,113,7700000,,,,,,,468,,,,,,,,,,,,,,,116,,,,,,,,,,,,,,,,,,,,,,,,,,,,,,,
,,,21,,6170,,23000,115,7900000,,,,,,,510,,,,,,,,,,,,,,,118,,,,,,,,,,,,,,,,,,,,,,,,,,,,,,,
,,,22,,6650,,24000,,,,,,,,,556,,,,,,,,,,,,,,,,,,,,,,,,,,,,,,,,,,,,,,,,,,,,,,
"AI Units",1,1,1,300,24,60,0,1,1100,,470,800,,,,50,,0,,,,,,,,,0,"TRUE",,"TRUE",,"TID_UNUSED","TID_UNUSED","TID_UNUSED","TID_UNUSED","sc/units.sc","TID_FAST","TID_MELEE","sc/ui.sc","icon_unit_barbarian","sc/tutorial.sc","unit_pistolunit_big","Machine Gun Ammo","Troop Deploy Assault Troop","Assault Troop Attack",,,"Assault Troop Hit",,,"Assault Troop Die","Assault Troop BG","Assault Troop BG",,"Rifleman step","sfx/assault_unit_move_loop_01.wav",,,,,,
"Healer",5,15,14,270,500,600,5000,70,1680000,800,400,600,,,,-20,,0,,,200,,,,,,0,,"TRUE","TRUE",83,"TID_MEDIC","TID_MEDIC_INFO","TID_MEDIC_SUBTITLE","TID_MEDIC_FLAVOR","sc/units.sc","TID_MODERATE","TID_SHORT","sc/ui.sc","icon_unit_healer","sc/tutorial.sc","unit_medic_big","HealerAmmo","Troop Deploy Assault Troop",,,,"Healer_area",,"Medic Disembark","Healer Unit Die","Healer","Healer_BG",,"Healer step","sfx/medic_move_loop_01.wav",,,,,,
,,,14,,544,,5500,73,2740000,,,,,,,-21,,,,,,,,,,,,,,,91,,,,,,,,,,,,,,,,,,,,,,,,,,,,,,,
,,,15,,592,,6000,75,3300000,,,,,,,-22,,,,,,,,,,,,,,,91,,,,,,,,,,,,,,,,,,,,,,,,,,,,,,,
,,,15,,644,,6500,77,3400000,,,,,,,-23,,,,,,,,,,,,,,,91,,,,,,,,,,,,,,,,,,,,,,,,,,,,,,,
,,,16,,701,,7000,87,3800000,,,,,,,-24,,,,,,,,,,,,,,,102,,,,,,,,,,,,,,,,,,,,,,,,,,,,,,,
,,,17,,762,,7500,89,4500000,,,,,,,-25,,,,,,,,,,,,,,,106,,,,,,,,,,,,,,,,,,,,,,,,,,,,,,,
,,,18,,829,,8000,90,4800000,,,,,,,-26,,,,,,,,,,,,,,,106,,,,,,,,,,,,,,,,,,,,,,,,,,,,,,,
,,,18,,902,,9000,95,5300000,,,,,,,-27,,,,,,,,,,,,,,,112,,,,,,,,,,,,,,,,,,,,,,,,,,,,,,,
,,,19,,982,,10000,96,6100000,,,,,,,-28,,,,,,,,,,,,,,,114,,,,,,,,,,,,,,,,,,,,,,,,,,,,,,,
,,,20,,1068,,11000,97,6400000,,,,,,,-29,,,,,,,,,,,,,,,114,,,,,,,,,,,,,,,,,,,,,,,,,,,,,,,
,,,20,,1162,,12000,98,6600000,,,,,,,-30,,,,,,,,,,,,,,,116,,,,,,,,,,,,,,,,,,,,,,,,,,,,,,,
,,,21,,1264,,13000,100,7100000,,,,,,,-31,,,,,,,,,,,,,,,,,,,,,,,,,,,,,,,,,,,,,,,,,,,,,,
,,,22,,1376,,14000,,,,,,,,,-32,,,,,,,,,,,,,,,,,,,,,,,,,,,,,,,,,,,,,,,,,,,,,,
"Grenadier",6,16,16,250,450,900,8000,88,4000000,,1130,2000,,,,100,,200,33,,190,"TRUE",,,,,0,,,"TRUE",93,"TID_GRENADIER","TID_GRENADIER_INFO","TID_GRENADIER_SUBTITLE","TID_GRENADIER_FLAVOR","sc/units.sc","TID_MODERATE","TID_VERY_LONG","sc/ui.sc","icon_unit_grenadier","sc/tutorial.sc","unit_grenadier_big","Grenadier Ammo","Troop Deploy Assault Troop","Grenadier Throwgrenade",,,"Grenadier Hit",,"Grenadier Disembark","Grenadier Troop Die","Granadier","Granadier_BG",,"Heavy step","sfx/bazooka_unit_move_01.wav",,,,,,
,,,16,,477,,9000,94,4600000,,,,,,,108,,,,,,,,,,,,,,,99,,,,,,,,,,,,,,,,,,,,,,,,,,,,,,,
,,,17,,506,,10000,99,5200000,,,,,,,116,,,,,,,,,,,,,,,99,,,,,,,,,,,,,,,,,,,,,,,,,,,,,,,
,,,17,,536,,11000,100,5500000,,,,,,,124,,,,,,,,,,,,,,,100,,,,,,,,,,,,,,,,,,,,,,,,,,,,,,,
,,,18,,568,,12000,102,5900000,,,,,,,134,,,,,,,,,,,,,,,100,,,,,,,,,,,,,,,,,,,,,,,,,,,,,,,
,,,18,,602,,13000,105,6500000,,,,,,,144,,,,,,,,,,,,,,,103,,,,,,,,,,,,,,,,,,,,,,,,,,,,,,,
,,,19,,638,,14000,108,7000000,,,,,,,154,,,,,,,,,,,,,,,103,,,,,,,,,,,,,,,,,,,,,,,,,,,,,,,
,,,19,,680,,15000,109,7400000,,,,,,,166,,,,,,,,,,,,,,,105,,,,,,,,,,,,,,,,,,,,,,,,,,,,,,,
,,,20,,720,,16000,111,7800000,,,,,,,178,,,,,,,,,,,,,,,105,,,,,,,,,,,,,,,,,,,,,,,,,,,,,,,
,,,20,,760,,17000,112,8100000,,,,,,,192,,,,,,,,,,,,,,,107,,,,,,,,,,,,,,,,,,,,,,,,,,,,,,,
,,,21,,806,,18000,114,8700000,,,,,,,206,,,,,,,,,,,,,,,,,,,,,,,,,,,,,,,,,,,,,,,,,,,,,,
,,,22,,854,,19000,,,,,,,,,222,,,,,,,,,,,,,,,,,,,,,,,,,,,,,,,,,,,,,,,,,,,,,,
"Flamer",21,18,18,230,25000,3000,25000,102,5400000,700,330,500,,,,350,,,,1050,,,,,,,12,,"TRUE","FALSE",102,"TID_FLAMER","TID_FLAMER_INFO","TID_FLAMER_SUBTITLE","TID_FLAMER_FLAVOR","sc/units.sc","TID_MODERATE","TID_MEDIUM","sc/ui.sc","icon_unit_flamer","sc/tutorial.sc","unit_flamer_big","Flamer Ammo","Troop Deploy Assault Troop","FlamerTank Attack","Flamer Attack Solid2",,,,,"Flame Tank Explosion","Flame_Tank","Flame_Tank_BG",,"Scorcher step","sfx/tank_drive_loop_01.wav",,,,,,
,,,18,,26800,,30000,106,5900000,,,,,,,385,,,,1155,,,,,,,,,,,102,,,,,,,,,,,,,,,,,,,,,,,,,,,,,,,
,,,18,,28600,,35000,108,6500000,,,,,,,424,,,,1272,,,,,,,,,,,105,,,,,,,,,,,,,,,,,,,,,,,,,,,,,,,
,,,19,,30600,,40000,110,7100000,,,,,,,466,,,,1398,,,,,,,,,,,105,,,,,,,,,,,,,,,,,,,,,,,,,,,,,,,
,,,19,,32800,,45000,112,7200000,,,,,,,512,,,,1536,,,,,,,,,,,105,,,,,,,,,,,,,,,,,,,,,,,,,,,,,,,
,,,19,,35000,,50000,113,7600000,,,,,,,564,,,,1692,,,,,,,,,,,107,,,,,,,,,,,,,,,,,,,,,,,,,,,,,,,
,,,20,,37500,,55000,115,8000000,,,,,,,620,,,,1860,,,,,,,,,,,107,,,,,,,,,,,,,,,,,,,,,,,,,,,,,,,
,,,20,,40000,,60000,117,8300000,,,,,,,682,,,,2046,,,,,,,,,,,109,,,,,,,,,,,,,,,,,,,,,,,,,,,,,,,
,,,21,,43000,,65000,,,,,,,,,750,,,,2250,,,,,,,,,,,,,,,,,,,,,,,,,,,,,,,,,,,,,,,,,,
"Drone",1,1,1,400,400,60,20,2,9500,,90,500,,,,135,,0,,,,,,,,,0,"TRUE",,"TRUE",14,"TID_RIFLEMAN","TID_RIFLEMAN_INFO","TID_RIFLEMAN_SUBTITLE","TID_RIFLEMAN_FLAVOR","sc/units.sc","TID_MODERATE","TID_MELEE","sc/ui.sc","icon_unit_barbarian","sc/tutorial.sc","unit_assault_troop",,"Troop Deploy Assault Troop","Decoy Attack",,,"Assault Troop Hit",,,"Drone Die","Decoy_Drone","Decoy_Drone_BG",,"Drone step","sfx/drone_loop_01.wav",,,,,,
"Walker",1,1,1,100,10000,60,20,2,9500,,1000,5000,,,,500,,100,,,200,,,,,,0,"TRUE",,"TRUE",14,"TID_RIFLEMAN","TID_RIFLEMAN_INFO","TID_RIFLEMAN_SUBTITLE","TID_RIFLEMAN_FLAVOR","sc/units.sc","TID_MODERATE","TID_MELEE","sc/ui.sc","icon_unit_barbarian","sc/tutorial.sc","unit_assault_troop","Grenadier Ammo","Troop Deploy Assault Troop","Grenadier Throwgrenade",,,"Grenadier Hit",,,"Grenadier Troop Die","Walker","Walker",,"Heavy step","sfx/bazooka_unit_move_01.wav",1000,2000,2000,5000,,
"Sergeant",20,1,1,300,400,60,20,2,9500,300,0,1000,,,,0,,0,,,550,,1000,50,50,50,0,"TRUE","TRUE","FALSE",14,"TID_RIFLEMAN","TID_RIFLEMAN_INFO","TID_RIFLEMAN_SUBTITLE","TID_RIFLEMAN_FLAVOR","sc/units.sc","TID_MODERATE","TID_MEDIUM","sc/ui.sc","icon_assault_troop","sc/tutorial.sc","unit_assault_troop",,"Troop Deploy Assault Troop","Assault Troop Attack","Attack Small Ground Flash",,"Assault Troop Hit",,"Assault Troop Disembark","Assault Troop Die","Assault Troop","Assault Troop BG",,"Rifleman step","sfx/assault_unit_move_loop_01.wav",,,,,,
"Freezer",4,20,20,250,700,480,7000,100,7400000,,600,75,2000,12,3840,95,,50,,,100,"TRUE",5000,-50,,,0,,,"TRUE",100,"TID_FREEZER","TID_FREEZER_INFO","TID_FREEZER_SUBTITLE","TID_FREEZER_FLAVOR_1;TID_FREEZER_FLAVOR_2;TID_FREEZER_FLAVOR_3;TID_FREEZER_FLAVOR_4;TID_FREEZER_FLAVOR_5;TID_FREEZER_FLAVOR_6;TID_FREEZER_FLAVOR_7;TID_FREEZER_FLAVOR_8;TID_FREEZER_FLAVOR_9;TID_FREEZER_FLAVOR_10;TID_FREEZER_FLAVOR_11;TID_FREEZER_FLAVOR_12;TID_FREEZER_FLAVOR_13;TID_FREEZER_FLAVOR_14;TID_FREEZER_FLAVOR_15;TID_FREEZER_FLAVOR_16;TID_FREEZER_FLAVOR_17;TID_FREEZER_FLAVOR_18;TID_FREEZER_FLAVOR_19;TID_FREEZER_FLAVOR_20;TID_FREEZER_FLAVOR_21;TID_FREEZER_FLAVOR_22;TID_FREEZER_FLAVOR_23;TID_FREEZER_FLAVOR_24;TID_FREEZER_FLAVOR_25;TID_FREEZER_FLAVOR_26;TID_FREEZER_FLAVOR_27;TID_FREEZER_FLAVOR_28;TID_FREEZER_FLAVOR_29;TID_FREEZER_FLAVOR_30;TID_FREEZER_FLAVOR_31","sc/units.sc","TID_MODERATE","TID_MEDIUM","sc/ui.sc","icon_unit_freezer","sc/tutorial.sc","unit_freezer",,"Troop Deploy Assault Troop","freezeray","freezeray_start","Freezer_fire_sound","freezeray_hit","freezeray_hit_ground","Freezer Troop Disembark","Freezer Troop Die","Freezer","Freezer_BG",,"Zooka step","sfx/bazooka_unit_move_01.wav",,,,,,
,,,20,,763,,8000,102,7600000,,,,,,4096,100,,,,,,,,,,,,,,,101,,,,,,,,,,,,,,,,,,,,,,,,,,,,,,,
,,,20,,832,,9000,104,7800000,,,,,,4352,105,,,,,,,,,,,,,,,102,,,,,,,,,,,,,,,,,,,,,,,,,,,,,,,
,,,20,,907,,10000,106,8000000,,,,,,4608,110,,,,,,,,,,,,,,,104,,,,,,,,,,,,,,,,,,,,,,,,,,,,,,,
,,,20,,988,,11000,108,8200000,,,,,,4864,115,,,,,,,,,,,,,,,106,,,,,,,,,,,,,,,,,,,,,,,,,,,,,,,
,,,20,,1077,,12000,110,8400000,,,,,,5120,121,,,,,,,,,,,,,,,108,,,,,,,,,,,,,,,,,,,,,,,,,,,,,,,
,,,21,,1174,,13000,112,8600000,,,,,,5376,127,,,,,,,,,,,,,,,110,,,,,,,,,,,,,,,,,,,,,,,,,,,,,,,
,,,22,,1280,,14000,114,8800000,,,,,,5632,134,,,,,,,,,,,,,,,112,,,,,,,,,,,,,,,,,,,,,,,,,,,,,,,
"DroneBat",1,1,1,400,400,60,20,2,9500,,90,500,,,,135,,0,,,,,,,,,0,"TRUE",,"TRUE",14,"TID_RIFLEMAN","TID_RIFLEMAN_INFO","TID_RIFLEMAN_SUBTITLE","TID_RIFLEMAN_FLAVOR","sc/units.sc","TID_MODERATE","TID_MELEE","sc/ui.sc","icon_unit_barbarian","sc/tutorial.sc","unit_assault_troop",,"Troop Deploy Assault Troop","Decoy Attack",,,"Assault Troop Hit",,,"Drone Die","Decoy_Drone_Bat","Decoy_Drone_Bat",,"Drone step","sfx/drone_loop_01.wav",,,,,"true",
"HeroDrillSergeant",1,1,,220,1000,60,500,6,25000,,720,75,1875,15,,80,,0,,,,,,,,,0,,,"TRUE",0,"TID_HERODRILLSERGEANT","TID_HERODRILLSERGEANT_INFO","TID_HERODRILLSERGEANT_SUBTITLE","TID_HERODRILLSERGEANT_FLAVOR","sc/units.sc","TID_MODERATE","TID_MEDIUM","sc/ui.sc","icon_hero_sergeant","sc/tutorial.sc","hero_sergeant","Machine Gun Ammo 2","Troop Deploy Assault Troop","Sergeant Attack","Sergeant Attack2","Sergeant Attack3","Assault Troop Hit",,"Hero Sgt Disembark","Assault Troop Die","HeroDrillSergeant","HeroDrillSergeant",,"Rifleman step","sfx/assault_unit_move_loop_01.wav",,,,,,"DrillSergeant"
,,4,,,1080,,1000,7,38000,,,,,,,87,,,,,,,,,,,,,,,,,,,,,,,,,,,,,,,,,,,,,,,,,,,,,,
,,5,,,1170,,1500,9,82000,,,,,,,94,,,,,,,,,,,,,,,,,,,,,,,,,,,,,,,,,,,,,,,,,,,,,,
,,6,,,1260,,2000,11,156000,,,,,,,101,,,,,,,,,,,,,,,,,,,,,,,,,,,,,,,,,,,,,,,,,,,,,,
,,7,,,1360,,2500,13,248000,,,,,,,110,,,,,,,,,,,,,,,,,,,,,,,,,,,,,,,,,,,,,,,,,,,,,,
,,8,,,1470,,3000,16,432000,,,,,,,119,,,,,,,,,,,,,,,,,,,,,,,,,,,,,,,,,,,,,,,,,,,,,,
,,9,,,1590,,3500,18,643000,,,,,,,128,,,,,,,,,,,,,,,,,,,,,,,,,,,,,,,,,,,,,,,,,,,,,,
,,10,,,1710,,4000,18,643000,,,,,,,139,,,,,,,,,,,,,,,,,,,,,,,,,,,,,,,,,,,,,,,,,,,,,,
,,10,,,1850,,4500,20,912000,,,,,,,150,,,,,,,,,,,,,,,,,,,,,,,,,,,,,,,,,,,,,,,,,,,,,,
,,11,,,2000,,5000,20,912000,,,,,,,163,,,,,,,,,,,,,,,,,,,,,,,,,,,,,,,,,,,,,,,,,,,,,,
,,12,,,2160,,5500,22,1134000,,,,,,,176,,,,,,,,,,,,,,,,,,,,,,,,,,,,,,,,,,,,,,,,,,,,,,
,,13,,,2330,,6000,25,1652000,,,,,,,190,,,,,,,,,,,,,,,,,,,,,,,,,,,,,,,,,,,,,,,,,,,,,,
,,14,,,2520,,6500,27,2160000,,,,,,,206,,,,,,,,,,,,,,,,,,,,,,,,,,,,,,,,,,,,,,,,,,,,,,
,,15,,,2720,,7000,27,2160000,,,,,,,223,,,,,,,,,,,,,,,,,,,,,,,,,,,,,,,,,,,,,,,,,,,,,,
,,16,,,2940,,7500,27,2160000,,,,,,,241,,,,,,,,,,,,,,,,,,,,,,,,,,,,,,,,,,,,,,,,,,,,,,
,,16,,,3170,,8000,31,3020000,,,,,,,261,,,,,,,,,,,,,,,,,,,,,,,,,,,,,,,,,,,,,,,,,,,,,,
,,17,,,3430,,8500,34,4100000,,,,,,,282,,,,,,,,,,,,,,,,,,,,,,,,,,,,,,,,,,,,,,,,,,,,,,
,,18,,,3700,,9000,34,4100000,,,,,,,305,,,,,,,,,,,,,,,,,,,,,,,,,,,,,,,,,,,,,,,,,,,,,,
,,19,,,4000,,9500,37,5080000,,,,,,,331,,,,,,,,,,,,,,,,,,,,,,,,,,,,,,,,,,,,,,,,,,,,,,
,,20,,,4320,,10000,39,5780000,,,,,,,358,,,,,,,,,,,,,,,,,,,,,,,,,,,,,,,,,,,,,,,,,,,,,,
,,21,,,4660,,10500,41,6900000,,,,,,,387,,,,,,,,,,,,,,,,,,,,,,,,,,,,,,,,,,,,,,,,,,,,,,
,,22,,,5030,,11000,43,7690000,,,,,,,419,,,,,,,,,,,,,,,,,,,,,,,,,,,,,,,,,,,,,,,,,,,,,,
"HeroMechromancer",1,1,,220,1500,60,5500,27,903000,,1050,800,1000,1,,80,,0,,,70,,,,,,0,,"TRUE","TRUE",0,"TID_HEROMECHROMANCER","TID_HEROMECHROMANCER_INFO","TID_HEROMECHROMANCER_SUBTITLE","TID_HEROMECHROMANCER_FLAVOR","sc/units.sc","TID_MODERATE","TID_SHORT","sc/ui.sc","icon_hero_mechromancer","sc/tutorial.sc","hero_mechromancer",,"Troop Deploy Assault Troop","Mechnomancer Attack","Mechnomancer Attack2",,"Mechnomancer Sparkle","Shocked","Mechromancer Disembark","Freezer Troop Die","HeroMechromancer","HeroMechromancer",,"Rifleman step","sfx/assault_unit_move_loop_01.wav",,,,,,"Mechromancer"
,,15,,,1590,,6000,27,1124000,,,,,,,87,,,,,,,,,,,,,,,,,,,,,,,,,,,,,,,,,,,,,,,,,,,,,,
,,16,,,1690,,6500,27,1637000,,,,,,,95,,,,,,,,,,,,,,,,,,,,,,,,,,,,,,,,,,,,,,,,,,,,,,
,,16,,,1790,,7000,31,2140000,,,,,,,104,,,,,,,,,,,,,,,,,,,,,,,,,,,,,,,,,,,,,,,,,,,,,,
,,17,,,1890,,7500,34,2996000,,,,,,,113,,,,,,,,,,,,,,,,,,,,,,,,,,,,,,,,,,,,,,,,,,,,,,
,,17,,,2010,,8000,34,3680000,,,,,,,123,,,,,,,,,,,,,,,,,,,,,,,,,,,,,,,,,,,,,,,,,,,,,,
,,18,,,2130,,8500,34,4066000,,,,,,,134,,,,,,,,,,,,,,,,,,,,,,,,,,,,,,,,,,,,,,,,,,,,,,
,,18,,,2260,,9000,37,4880000,,,,,,,146,,,,,,,,,,,,,,,,,,,,,,,,,,,,,,,,,,,,,,,,,,,,,,
,,19,,,2390,,9500,39,5486000,,,,,,,159,,,,,,,,,,,,,,,,,,,,,,,,,,,,,,,,,,,,,,,,,,,,,,
,,19,,,2530,,10000,39,5920000,,,,,,,174,,,,,,,,,,,,,,,,,,,,,,,,,,,,,,,,,,,,,,,,,,,,,,
,,20,,,2690,,10500,41,6380000,,,,,,,189,,,,,,,,,,,,,,,,,,,,,,,,,,,,,,,,,,,,,,,,,,,,,,
,,21,,,2850,,11000,41,6840000,,,,,,,206,,,,,,,,,,,,,,,,,,,,,,,,,,,,,,,,,,,,,,,,,,,,,,
,,22,,,3020,,11500,43,7620000,,,,,,,225,,,,,,,,,,,,,,,,,,,,,,,,,,,,,,,,,,,,,,,,,,,,,,
